Rank,FullyQualifiedClass,Line,Score,Percentile,Band
1,org.apache.commons.csv.CSVParser,170,0.185695,4.5,RED
1,org.apache.commons.csv.CSVParser,172,0.185695,4.5,RED
2,org.apache.commons.csv.CSVParser,169,0.182574,9.1,RED
3,org.apache.commons.csv.CSVParser,325,0.156174,13.6,RED
3,org.apache.commons.csv.CSVParser,327,0.156174,13.6,RED
3,org.apache.commons.csv.CSVParser,326,0.156174,13.6,RED
3,org.apache.commons.csv.CSVParser,351,0.156174,13.6,RED
3,org.apache.commons.csv.CSVParser,239,0.156174,13.6,RED
3,org.apache.commons.csv.CSVParser,242,0.156174,13.6,RED
3,org.apache.commons.csv.CSVParser,241,0.156174,13.6,RED
3,org.apache.commons.csv.CSVParser,244,0.156174,13.6,RED
3,org.apache.commons.csv.CSVParser,243,0.156174,13.6,RED
3,org.apache.commons.csv.CSVParser,245,0.156174,13.6,RED
4,org.apache.commons.csv.CSVParser,238,0.154303,18.2,ORANGE
5,org.apache.commons.csv.CSVFormat,423,0.152499,22.7,ORANGE
5,org.apache.commons.csv.CSVParser,214,0.152499,22.7,ORANGE
5,org.apache.commons.csv.CSVParser,237,0.152499,22.7,ORANGE
5,org.apache.commons.csv.CSVParser,218,0.152499,22.7,ORANGE
6,org.apache.commons.csv.Lexer,63,0.122169,27.3,ORANGE
6,org.apache.commons.csv.Lexer,62,0.122169,27.3,ORANGE
6,org.apache.commons.csv.Lexer,61,0.122169,27.3,ORANGE
6,org.apache.commons.csv.Lexer,69,0.122169,27.3,ORANGE
6,org.apache.commons.csv.Lexer,68,0.122169,27.3,ORANGE
6,org.apache.commons.csv.Lexer,67,0.122169,27.3,ORANGE
6,org.apache.commons.csv.Lexer,66,0.122169,27.3,ORANGE
6,org.apache.commons.csv.Lexer,65,0.122169,27.3,ORANGE
6,org.apache.commons.csv.Lexer,64,0.122169,27.3,ORANGE
6,org.apache.commons.csv.Lexer,291,0.122169,27.3,ORANGE
7,org.apache.commons.csv.CSVFormat,443,0.120386,31.8,YELLOW
8,org.apache.commons.csv.CSVFormat,433,0.119523,36.4,YELLOW
9,org.apache.commons.csv.ExtendedBufferedReader,40,0.117851,40.9,YELLOW
9,org.apache.commons.csv.ExtendedBufferedReader,43,0.117851,40.9,YELLOW
9,org.apache.commons.csv.ExtendedBufferedReader,51,0.117851,40.9,YELLOW
9,org.apache.commons.csv.CSVFormat,396,0.117851,40.9,YELLOW
9,org.apache.commons.csv.ExtendedBufferedReader,52,0.117851,40.9,YELLOW
10,org.apache.commons.csv.Token,55,0.117041,45.5,YELLOW
10,org.apache.commons.csv.Token,52,0.117041,45.5,YELLOW
10,org.apache.commons.csv.Token,29,0.117041,45.5,YELLOW
11,org.apache.commons.csv.CSVFormat,414,0.116248,50.0,YELLOW
11,org.apache.commons.csv.CSVFormat,652,0.116248,50.0,YELLOW
12,org.apache.commons.csv.CSVFormat,645,0.115470,54.5,GREEN
13,org.apache.commons.csv.CSVFormat,641,0.114708,59.1,GREEN
14,org.apache.commons.csv.CSVFormat,636,0.113228,63.6,GREEN
15,org.apache.commons.csv.CSVFormat,631,0.111803,68.2,GREEN
16,org.apache.commons.csv.CSVFormat,626,0.111111,72.7,GREEN
16,org.apache.commons.csv.Assertions,35,0.111111,72.7,GREEN
17,org.apache.commons.csv.CSVFormat,621,0.110432,77.3,GREEN
18,org.apache.commons.csv.CSVFormat,616,0.109764,81.8,GREEN
19,org.apache.commons.csv.Assertions,32,0.107211,86.4,GREEN
20,org.apache.commons.csv.CSVFormat,469,0.103142,90.9,GREEN
21,org.apache.commons.csv.CSVFormat,405,0.099504,95.5,GREEN
22,org.apache.commons.csv.CSVPrinter,229,0.000000,100.0,GREEN
22,org.apache.commons.csv.CSVPrinter,108,0.000000,100.0,GREEN
22,org.apache.commons.csv.CSVPrinter,107,0.000000,100.0,GREEN
22,org.apache.commons.csv.CSVPrinter,349,0.000000,100.0,GREEN
22,org.apache.commons.csv.CSVPrinter,348,0.000000,100.0,GREEN
22,org.apache.commons.csv.CSVPrinter,105,0.000000,100.0,GREEN
22,org.apache.commons.csv.CSVPrinter,347,0.000000,100.0,GREEN
22,org.apache.commons.csv.CSVPrinter,104,0.000000,100.0,GREEN
22,org.apache.commons.csv.CSVPrinter,346,0.000000,100.0,GREEN
22,org.apache.commons.csv.CSVPrinter,345,0.000000,100.0,GREEN
22,org.apache.commons.csv.CSVFormat,682,0.000000,100.0,GREEN
22,org.apache.commons.csv.CSVFormat,681,0.000000,100.0,GREEN
22,org.apache.commons.csv.CSVRecord,176,0.000000,100.0,GREEN
22,org.apache.commons.csv.CSVFormat,325,0.000000,100.0,GREEN
22,org.apache.commons.csv.CSVFormat,569,0.000000,100.0,GREEN
22,org.apache.commons.csv.CSVFormat,327,0.000000,100.0,GREEN
22,org.apache.commons.csv.CSVFormat,205,0.000000,100.0,GREEN
22,org.apache.commons.csv.CSVFormat,326,0.000000,100.0,GREEN
22,org.apache.commons.csv.CSVFormat,684,0.000000,100.0,GREEN
22,org.apache.commons.csv.CSVFormat,321,0.000000,100.0,GREEN
22,org.apache.commons.csv.CSVFormat,322,0.000000,100.0,GREEN
22,org.apache.commons.csv.CSVPrinter,221,0.000000,100.0,GREEN
22,org.apache.commons.csv.CSVFormat,208,0.000000,100.0,GREEN
22,org.apache.commons.csv.CSVFormat,329,0.000000,100.0,GREEN
22,org.apache.commons.csv.CSVPrinter,239,0.000000,100.0,GREEN
22,org.apache.commons.csv.CSVPrinter,238,0.000000,100.0,GREEN
22,org.apache.commons.csv.CSVPrinter,237,0.000000,100.0,GREEN
22,org.apache.commons.csv.CSVPrinter,235,0.000000,100.0,GREEN
22,org.apache.commons.csv.CSVPrinter,234,0.000000,100.0,GREEN
22,org.apache.commons.csv.CSVRecord,167,0.000000,100.0,GREEN
22,org.apache.commons.csv.CSVFormat,316,0.000000,100.0,GREEN
22,org.apache.commons.csv.CSVFormat,799,0.000000,100.0,GREEN
22,org.apache.commons.csv.CSVFormat,315,0.000000,100.0,GREEN
22,org.apache.commons.csv.CSVFormat,552,0.000000,100.0,GREEN
22,org.apache.commons.csv.CSVFormat,310,0.000000,100.0,GREEN
22,org.apache.commons.csv.CSVFormat,311,0.000000,100.0,GREEN
22,org.apache.commons.csv.CSVPrinter,232,0.000000,100.0,GREEN
22,org.apache.commons.csv.CSVPrinter,231,0.000000,100.0,GREEN
22,org.apache.commons.csv.CSVPrinter,352,0.000000,100.0,GREEN
22,org.apache.commons.csv.CSVPrinter,230,0.000000,100.0,GREEN
22,org.apache.commons.csv.CSVPrinter,351,0.000000,100.0,GREEN
22,org.apache.commons.csv.CSVFormat,318,0.000000,100.0,GREEN
22,org.apache.commons.csv.CSVFormat,319,0.000000,100.0,GREEN
22,org.apache.commons.csv.CSVPrinter,369,0.000000,100.0,GREEN
22,org.apache.commons.csv.CSVPrinter,247,0.000000,100.0,GREEN
22,org.apache.commons.csv.CSVPrinter,246,0.000000,100.0,GREEN
22,org.apache.commons.csv.CSVPrinter,367,0.000000,100.0,GREEN
22,org.apache.commons.csv.CSVPrinter,124,0.000000,100.0,GREEN
22,org.apache.commons.csv.CSVPrinter,366,0.000000,100.0,GREEN
22,org.apache.commons.csv.CSVPrinter,244,0.000000,100.0,GREEN
22,org.apache.commons.csv.Quote,35,0.000000,100.0,GREEN
22,org.apache.commons.csv.CSVPrinter,123,0.000000,100.0,GREEN
22,org.apache.commons.csv.CSVPrinter,365,0.000000,100.0,GREEN
22,org.apache.commons.csv.CSVRecord,158,0.000000,100.0,GREEN
22,org.apache.commons.csv.CSVFormat,666,0.000000,100.0,GREEN
22,org.apache.commons.csv.CSVFormat,303,0.000000,100.0,GREEN
22,org.apache.commons.csv.CSVFormat,302,0.000000,100.0,GREEN
22,org.apache.commons.csv.CSVFormat,305,0.000000,100.0,GREEN
22,org.apache.commons.csv.CSVFormat,304,0.000000,100.0,GREEN
22,org.apache.commons.csv.CSVFormat,543,0.000000,100.0,GREEN
22,org.apache.commons.csv.CSVFormat,301,0.000000,100.0,GREEN
22,org.apache.commons.csv.CSVFormat,300,0.000000,100.0,GREEN
22,org.apache.commons.csv.CSVPrinter,243,0.000000,100.0,GREEN
22,org.apache.commons.csv.CSVPrinter,122,0.000000,100.0,GREEN
22,org.apache.commons.csv.CSVPrinter,364,0.000000,100.0,GREEN
22,org.apache.commons.csv.CSVPrinter,121,0.000000,100.0,GREEN
22,org.apache.commons.csv.CSVPrinter,363,0.000000,100.0,GREEN
22,org.apache.commons.csv.CSVPrinter,241,0.000000,100.0,GREEN
22,org.apache.commons.csv.CSVPrinter,120,0.000000,100.0,GREEN
22,org.apache.commons.csv.CSVFormat,307,0.000000,100.0,GREEN
22,org.apache.commons.csv.Quote,40,0.000000,100.0,GREEN
22,org.apache.commons.csv.CSVFormat,306,0.000000,100.0,GREEN
22,org.apache.commons.csv.CSVFormat,309,0.000000,100.0,GREEN
22,org.apache.commons.csv.CSVFormat,308,0.000000,100.0,GREEN
22,org.apache.commons.csv.CSVPrinter,139,0.000000,100.0,GREEN
22,org.apache.commons.csv.CSVPrinter,259,0.000000,100.0,GREEN
22,org.apache.commons.csv.CSVPrinter,258,0.000000,100.0,GREEN
22,org.apache.commons.csv.Quote,47,0.000000,100.0,GREEN
22,org.apache.commons.csv.CSVRecord,147,0.000000,100.0,GREEN
22,org.apache.commons.csv.CSVFormat,534,0.000000,100.0,GREEN
22,org.apache.commons.csv.CSVPrinter,253,0.000000,100.0,GREEN
22,org.apache.commons.csv.CSVPrinter,251,0.000000,100.0,GREEN
22,org.apache.commons.csv.CSVPrinter,372,0.000000,100.0,GREEN
22,org.apache.commons.csv.CSVPrinter,250,0.000000,100.0,GREEN
22,org.apache.commons.csv.CSVFormat,779,0.000000,100.0,GREEN
22,org.apache.commons.csv.CSVPrinter,306,0.000000,100.0,GREEN
22,org.apache.commons.csv.ExtendedBufferedReader,84,0.000000,100.0,GREEN
22,org.apache.commons.csv.Constants,25,0.000000,100.0,GREEN
22,org.apache.commons.csv.CSVPrinter,304,0.000000,100.0,GREEN
22,org.apache.commons.csv.ExtendedBufferedReader,82,0.000000,100.0,GREEN
22,org.apache.commons.csv.ExtendedBufferedReader,89,0.000000,100.0,GREEN
22,org.apache.commons.csv.ExtendedBufferedReader,87,0.000000,100.0,GREEN
22,org.apache.commons.csv.ExtendedBufferedReader,88,0.000000,100.0,GREEN
22,org.apache.commons.csv.ExtendedBufferedReader,86,0.000000,100.0,GREEN
22,org.apache.commons.csv.CSVPrinter,307,0.000000,100.0,GREEN
22,org.apache.commons.csv.CSVFormat,646,0.000000,100.0,GREEN
22,org.apache.commons.csv.CSVFormat,525,0.000000,100.0,GREEN
22,org.apache.commons.csv.CSVFormat,766,0.000000,100.0,GREEN
22,org.apache.commons.csv.CSVFormat,881,0.000000,100.0,GREEN
22,org.apache.commons.csv.CSVFormat,642,0.000000,100.0,GREEN
22,org.apache.commons.csv.CSVFormat,648,0.000000,100.0,GREEN
22,org.apache.commons.csv.CSVFormat,647,0.000000,100.0,GREEN
22,org.apache.commons.csv.CSVFormat,649,0.000000,100.0,GREEN
22,org.apache.commons.csv.CSVPrinter,317,0.000000,100.0,GREEN
22,org.apache.commons.csv.CSVPrinter,316,0.000000,100.0,GREEN
22,org.apache.commons.csv.ExtendedBufferedReader,92,0.000000,100.0,GREEN
22,org.apache.commons.csv.CSVPrinter,315,0.000000,100.0,GREEN
22,org.apache.commons.csv.ExtendedBufferedReader,93,0.000000,100.0,GREEN
22,org.apache.commons.csv.ExtendedBufferedReader,90,0.000000,100.0,GREEN
22,org.apache.commons.csv.CSVPrinter,311,0.000000,100.0,GREEN
22,org.apache.commons.csv.ExtendedBufferedReader,99,0.000000,100.0,GREEN
22,org.apache.commons.csv.ExtendedBufferedReader,97,0.000000,100.0,GREEN
22,org.apache.commons.csv.CSVFormat,512,0.000000,100.0,GREEN
22,org.apache.commons.csv.CSVFormat,753,0.000000,100.0,GREEN
22,org.apache.commons.csv.CSVFormat,632,0.000000,100.0,GREEN
22,org.apache.commons.csv.CSVFormat,511,0.000000,100.0,GREEN
22,org.apache.commons.csv.CSVFormat,514,0.000000,100.0,GREEN
22,org.apache.commons.csv.CSVFormat,513,0.000000,100.0,GREEN
22,org.apache.commons.csv.CSVFormat,510,0.000000,100.0,GREEN
22,org.apache.commons.csv.CSVFormat,637,0.000000,100.0,GREEN
22,org.apache.commons.csv.ExtendedBufferedReader,61,0.000000,100.0,GREEN
22,org.apache.commons.csv.CSVPrinter,327,0.000000,100.0,GREEN
22,org.apache.commons.csv.CSVPrinter,205,0.000000,100.0,GREEN
22,org.apache.commons.csv.CSVParser,427,0.000000,100.0,GREEN
22,org.apache.commons.csv.CSVPrinter,326,0.000000,100.0,GREEN
22,org.apache.commons.csv.CSVPrinter,204,0.000000,100.0,GREEN
22,org.apache.commons.csv.ExtendedBufferedReader,60,0.000000,100.0,GREEN
22,org.apache.commons.csv.CSVParser,428,0.000000,100.0,GREEN
22,org.apache.commons.csv.CSVPrinter,203,0.000000,100.0,GREEN
22,org.apache.commons.csv.CSVPrinter,324,0.000000,100.0,GREEN
22,org.apache.commons.csv.CSVPrinter,202,0.000000,100.0,GREEN
22,org.apache.commons.csv.CSVPrinter,200,0.000000,100.0,GREEN
22,org.apache.commons.csv.CSVPrinter,321,0.000000,100.0,GREEN
22,org.apache.commons.csv.CSVPrinter,209,0.000000,100.0,GREEN
22,org.apache.commons.csv.CSVPrinter,208,0.000000,100.0,GREEN
22,org.apache.commons.csv.CSVFormat,622,0.000000,100.0,GREEN
22,org.apache.commons.csv.CSVFormat,503,0.000000,100.0,GREEN
22,org.apache.commons.csv.CSVFormat,502,0.000000,100.0,GREEN
22,org.apache.commons.csv.CSVFormat,509,0.000000,100.0,GREEN
22,org.apache.commons.csv.CSVParser,433,0.000000,100.0,GREEN
22,org.apache.commons.csv.CSVFormat,508,0.000000,100.0,GREEN
22,org.apache.commons.csv.CSVParser,430,0.000000,100.0,GREEN
22,org.apache.commons.csv.CSVParser,431,0.000000,100.0,GREEN
22,org.apache.commons.csv.CSVParser,436,0.000000,100.0,GREEN
22,org.apache.commons.csv.CSVFormat,505,0.000000,100.0,GREEN
22,org.apache.commons.csv.CSVParser,313,0.000000,100.0,GREEN
22,org.apache.commons.csv.CSVFormat,867,0.000000,100.0,GREEN
22,org.apache.commons.csv.CSVParser,437,0.000000,100.0,GREEN
22,org.apache.commons.csv.CSVParser,316,0.000000,100.0,GREEN
22,org.apache.commons.csv.CSVParser,434,0.000000,100.0,GREEN
22,org.apache.commons.csv.CSVFormat,507,0.000000,100.0,GREEN
22,org.apache.commons.csv.CSVParser,315,0.000000,100.0,GREEN
22,org.apache.commons.csv.CSVFormat,627,0.000000,100.0,GREEN
22,org.apache.commons.csv.CSVFormat,506,0.000000,100.0,GREEN
22,org.apache.commons.csv.CSVPrinter,218,0.000000,100.0,GREEN
22,org.apache.commons.csv.ExtendedBufferedReader,73,0.000000,100.0,GREEN
22,org.apache.commons.csv.Constants,36,0.000000,100.0,GREEN
22,org.apache.commons.csv.CSVRecord,185,0.000000,100.0,GREEN
22,org.apache.commons.csv.CSVPrinter,215,0.000000,100.0,GREEN
22,org.apache.commons.csv.CSVPrinter,214,0.000000,100.0,GREEN
22,org.apache.commons.csv.CSVRecord,181,0.000000,100.0,GREEN
22,org.apache.commons.csv.CSVPrinter,211,0.000000,100.0,GREEN
22,org.apache.commons.csv.CSVPrinter,332,0.000000,100.0,GREEN
22,org.apache.commons.csv.ExtendedBufferedReader,78,0.000000,100.0,GREEN
22,org.apache.commons.csv.ExtendedBufferedReader,79,0.000000,100.0,GREEN
22,org.apache.commons.csv.CSVPrinter,219,0.000000,100.0,GREEN
22,org.apache.commons.csv.CSVFormat,731,0.000000,100.0,GREEN
22,org.apache.commons.csv.CSVFormat,855,0.000000,100.0,GREEN
22,org.apache.commons.csv.CSVPrinter,331,0.000000,100.0,GREEN
22,org.apache.commons.csv.CSVParser,422,0.000000,100.0,GREEN
22,org.apache.commons.csv.CSVPrinter,330,0.000000,100.0,GREEN
22,org.apache.commons.csv.CSVParser,426,0.000000,100.0,GREEN
22,org.apache.commons.csv.CSVParser,423,0.000000,100.0,GREEN
22,org.apache.commons.csv.CSVFormat,617,0.000000,100.0,GREEN
22,org.apache.commons.csv.CSVParser,424,0.000000,100.0,GREEN
22,org.apache.commons.csv.CSVParser,328,0.000000,100.0,GREEN
22,org.apache.commons.csv.CSVParser,449,0.000000,100.0,GREEN
22,org.apache.commons.csv.CSVParser,330,0.000000,100.0,GREEN
22,org.apache.commons.csv.CSVParser,454,0.000000,100.0,GREEN
22,org.apache.commons.csv.CSVParser,455,0.000000,100.0,GREEN
22,org.apache.commons.csv.CSVParser,331,0.000000,100.0,GREEN
22,org.apache.commons.csv.CSVParser,452,0.000000,100.0,GREEN
22,org.apache.commons.csv.CSVParser,334,0.000000,100.0,GREEN
22,org.apache.commons.csv.CSVParser,333,0.000000,100.0,GREEN
22,org.apache.commons.csv.Token,63,0.000000,100.0,GREEN
22,org.apache.commons.csv.Token,64,0.000000,100.0,GREEN
22,org.apache.commons.csv.CSVParser,335,0.000000,100.0,GREEN
22,org.apache.commons.csv.CSVParser,456,0.000000,100.0,GREEN
22,org.apache.commons.csv.Token,61,0.000000,100.0,GREEN
22,org.apache.commons.csv.CSVParser,338,0.000000,100.0,GREEN
22,org.apache.commons.csv.CSVPrinter,43,0.000000,100.0,GREEN
22,org.apache.commons.csv.CSVParser,457,0.000000,100.0,GREEN
22,org.apache.commons.csv.Token,62,0.000000,100.0,GREEN
22,org.apache.commons.csv.CSVParser,337,0.000000,100.0,GREEN
22,org.apache.commons.csv.CSVParser,318,0.000000,100.0,GREEN
22,org.apache.commons.csv.ExtendedBufferedReader,58,0.000000,100.0,GREEN
22,org.apache.commons.csv.ExtendedBufferedReader,56,0.000000,100.0,GREEN
22,org.apache.commons.csv.ExtendedBufferedReader,57,0.000000,100.0,GREEN
22,org.apache.commons.csv.CSVParser,200,0.000000,100.0,GREEN
22,org.apache.commons.csv.CSVParser,443,0.000000,100.0,GREEN
22,org.apache.commons.csv.CSVParser,444,0.000000,100.0,GREEN
22,org.apache.commons.csv.CSVParser,441,0.000000,100.0,GREEN
22,org.apache.commons.csv.CSVParser,201,0.000000,100.0,GREEN
22,org.apache.commons.csv.CSVParser,448,0.000000,100.0,GREEN
22,org.apache.commons.csv.Token,73,0.000000,100.0,GREEN
22,org.apache.commons.csv.CSVParser,446,0.000000,100.0,GREEN
22,org.apache.commons.csv.CSVPrinter,405,0.000000,100.0,GREEN
22,org.apache.commons.csv.CSVPrinter,404,0.000000,100.0,GREEN
22,org.apache.commons.csv.CSVFormat,262,0.000000,100.0,GREEN
22,org.apache.commons.csv.CSVFormat,383,0.000000,100.0,GREEN
22,org.apache.commons.csv.CSVFormat,382,0.000000,100.0,GREEN
22,org.apache.commons.csv.CSVFormat,384,0.000000,100.0,GREEN
22,org.apache.commons.csv.CSVPrinter,409,0.000000,100.0,GREEN
22,org.apache.commons.csv.CSVPrinter,407,0.000000,100.0,GREEN
22,org.apache.commons.csv.CSVPrinter,406,0.000000,100.0,GREEN
22,org.apache.commons.csv.CSVFormat,380,0.000000,100.0,GREEN
22,org.apache.commons.csv.CSVFormat,386,0.000000,100.0,GREEN
22,org.apache.commons.csv.CSVParser,355,0.000000,100.0,GREEN
22,org.apache.commons.csv.CSVPrinter,64,0.000000,100.0,GREEN
22,org.apache.commons.csv.CSVPrinter,65,0.000000,100.0,GREEN
22,org.apache.commons.csv.CSVPrinter,62,0.000000,100.0,GREEN
22,org.apache.commons.csv.CSVPrinter,63,0.000000,100.0,GREEN
22,org.apache.commons.csv.CSVParser,339,0.000000,100.0,GREEN
22,org.apache.commons.csv.CSVPrinter,415,0.000000,100.0,GREEN
22,org.apache.commons.csv.CSVPrinter,60,0.000000,100.0,GREEN
22,org.apache.commons.csv.CSVPrinter,414,0.000000,100.0,GREEN
22,org.apache.commons.csv.CSVPrinter,411,0.000000,100.0,GREEN
22,org.apache.commons.csv.CSVFormat,250,0.000000,100.0,GREEN
22,org.apache.commons.csv.CSVPrinter,417,0.000000,100.0,GREEN
22,org.apache.commons.csv.CSVFormat,496,0.000000,100.0,GREEN
22,org.apache.commons.csv.CSVParser,341,0.000000,100.0,GREEN
22,org.apache.commons.csv.CSVParser,460,0.000000,100.0,GREEN
22,org.apache.commons.csv.CSVPrinter,59,0.000000,100.0,GREEN
22,org.apache.commons.csv.CSVParser,345,0.000000,100.0,GREEN
22,org.apache.commons.csv.CSVPrinter,58,0.000000,100.0,GREEN
22,org.apache.commons.csv.CSVParser,347,0.000000,100.0,GREEN
22,org.apache.commons.csv.CSVParser,346,0.000000,100.0,GREEN
22,org.apache.commons.csv.CSVPrinter,92,0.000000,100.0,GREEN
22,org.apache.commons.csv.CSVPrinter,90,0.000000,100.0,GREEN
22,org.apache.commons.csv.CSVRecord,136,0.000000,100.0,GREEN
22,org.apache.commons.csv.CSVFormat,360,0.000000,100.0,GREEN
22,org.apache.commons.csv.CSVFormat,363,0.000000,100.0,GREEN
22,org.apache.commons.csv.CSVFormat,362,0.000000,100.0,GREEN
22,org.apache.commons.csv.CSVFormat,369,0.000000,100.0,GREEN
22,org.apache.commons.csv.CSVParser,251,0.000000,100.0,GREEN
22,org.apache.commons.csv.CSVParser,250,0.000000,100.0,GREEN
22,org.apache.commons.csv.CSVFormat,364,0.000000,100.0,GREEN
22,org.apache.commons.csv.CSVParser,253,0.000000,100.0,GREEN
22,org.apache.commons.csv.CSVFormat,367,0.000000,100.0,GREEN
22,org.apache.commons.csv.CSVFormat,487,0.000000,100.0,GREEN
22,org.apache.commons.csv.CSVFormat,366,0.000000,100.0,GREEN
22,org.apache.commons.csv.CSVParser,255,0.000000,100.0,GREEN
22,org.apache.commons.csv.CSVPrinter,89,0.000000,100.0,GREEN
22,org.apache.commons.csv.CSVPrinter,80,0.000000,100.0,GREEN
22,org.apache.commons.csv.CSVFormat,592,0.000000,100.0,GREEN
22,org.apache.commons.csv.CSVFormat,350,0.000000,100.0,GREEN
22,org.apache.commons.csv.CSVFormat,594,0.000000,100.0,GREEN
22,org.apache.commons.csv.CSVRecord,126,0.000000,100.0,GREEN
22,org.apache.commons.csv.CSVFormat,593,0.000000,100.0,GREEN
22,org.apache.commons.csv.CSVFormat,351,0.000000,100.0,GREEN
22,org.apache.commons.csv.CSVFormat,590,0.000000,100.0,GREEN
22,org.apache.commons.csv.CSVFormat,599,0.000000,100.0,GREEN
22,org.apache.commons.csv.CSVFormat,478,0.000000,100.0,GREEN
22,org.apache.commons.csv.CSVFormat,357,0.000000,100.0,GREEN
22,org.apache.commons.csv.CSVFormat,238,0.000000,100.0,GREEN
22,org.apache.commons.csv.CSVFormat,359,0.000000,100.0,GREEN
22,org.apache.commons.csv.CSVFormat,596,0.000000,100.0,GREEN
22,org.apache.commons.csv.CSVFormat,354,0.000000,100.0,GREEN
22,org.apache.commons.csv.CSVFormat,353,0.000000,100.0,GREEN
22,org.apache.commons.csv.CSVFormat,356,0.000000,100.0,GREEN
22,org.apache.commons.csv.CSVFormat,597,0.000000,100.0,GREEN
22,org.apache.commons.csv.CSVPrinter,79,0.000000,100.0,GREEN
22,org.apache.commons.csv.CSVParser,367,0.000000,100.0,GREEN
22,org.apache.commons.csv.CSVParser,248,0.000000,100.0,GREEN
22,org.apache.commons.csv.CSVPrinter,78,0.000000,100.0,GREEN
22,org.apache.commons.csv.CSVParser,249,0.000000,100.0,GREEN
22,org.apache.commons.csv.Lexer,190,0.000000,100.0,GREEN
22,org.apache.commons.csv.Lexer,191,0.000000,100.0,GREEN
22,org.apache.commons.csv.Lexer,196,0.000000,100.0,GREEN
22,org.apache.commons.csv.CSVFormat,581,0.000000,100.0,GREEN
22,org.apache.commons.csv.CSVFormat,460,0.000000,100.0,GREEN
22,org.apache.commons.csv.Lexer,197,0.000000,100.0,GREEN
22,org.apache.commons.csv.CSVFormat,580,0.000000,100.0,GREEN
22,org.apache.commons.csv.Lexer,198,0.000000,100.0,GREEN
22,org.apache.commons.csv.CSVFormat,341,0.000000,100.0,GREEN
22,org.apache.commons.csv.Lexer,199,0.000000,100.0,GREEN
22,org.apache.commons.csv.CSVFormat,582,0.000000,100.0,GREEN
22,org.apache.commons.csv.CSVFormat,340,0.000000,100.0,GREEN
22,org.apache.commons.csv.Lexer,192,0.000000,100.0,GREEN
22,org.apache.commons.csv.Lexer,193,0.000000,100.0,GREEN
22,org.apache.commons.csv.Lexer,194,0.000000,100.0,GREEN
22,org.apache.commons.csv.Lexer,195,0.000000,100.0,GREEN
22,org.apache.commons.csv.CSVFormat,226,0.000000,100.0,GREEN
22,org.apache.commons.csv.CSVFormat,589,0.000000,100.0,GREEN
22,org.apache.commons.csv.CSVFormat,347,0.000000,100.0,GREEN
22,org.apache.commons.csv.CSVFormat,225,0.000000,100.0,GREEN
22,org.apache.commons.csv.CSVFormat,588,0.000000,100.0,GREEN
22,org.apache.commons.csv.CSVFormat,346,0.000000,100.0,GREEN
22,org.apache.commons.csv.CSVParser,150,0.000000,100.0,GREEN
22,org.apache.commons.csv.CSVFormat,227,0.000000,100.0,GREEN
22,org.apache.commons.csv.CSVFormat,348,0.000000,100.0,GREEN
22,org.apache.commons.csv.CSVParser,152,0.000000,100.0,GREEN
22,org.apache.commons.csv.Lexer,189,0.000000,100.0,GREEN
22,org.apache.commons.csv.CSVFormat,585,0.000000,100.0,GREEN
22,org.apache.commons.csv.CSVFormat,343,0.000000,100.0,GREEN
22,org.apache.commons.csv.CSVFormat,221,0.000000,100.0,GREEN
22,org.apache.commons.csv.CSVRecord,117,0.000000,100.0,GREEN
22,org.apache.commons.csv.CSVFormat,584,0.000000,100.0,GREEN
22,org.apache.commons.csv.CSVFormat,224,0.000000,100.0,GREEN
22,org.apache.commons.csv.CSVFormat,223,0.000000,100.0,GREEN
22,org.apache.commons.csv.CSVFormat,586,0.000000,100.0,GREEN
22,org.apache.commons.csv.CSVFormat,344,0.000000,100.0,GREEN
22,org.apache.commons.csv.CSVParser,277,0.000000,100.0,GREEN
22,org.apache.commons.csv.CSVRecord,103,0.000000,100.0,GREEN
22,org.apache.commons.csv.CSVRecord,102,0.000000,100.0,GREEN
22,org.apache.commons.csv.CSVFormat,330,0.000000,100.0,GREEN
22,org.apache.commons.csv.Lexer,188,0.000000,100.0,GREEN
22,org.apache.commons.csv.CSVRecord,104,0.000000,100.0,GREEN
22,org.apache.commons.csv.CSVFormat,699,0.000000,100.0,GREEN
22,org.apache.commons.csv.CSVFormat,578,0.000000,100.0,GREEN
22,org.apache.commons.csv.CSVFormat,336,0.000000,100.0,GREEN
22,org.apache.commons.csv.CSVFormat,698,0.000000,100.0,GREEN
22,org.apache.commons.csv.CSVFormat,577,0.000000,100.0,GREEN
22,org.apache.commons.csv.CSVFormat,337,0.000000,100.0,GREEN
22,org.apache.commons.csv.CSVFormat,211,0.000000,100.0,GREEN
22,org.apache.commons.csv.CSVFormat,574,0.000000,100.0,GREEN
22,org.apache.commons.csv.CSVFormat,332,0.000000,100.0,GREEN
22,org.apache.commons.csv.CSVFormat,210,0.000000,100.0,GREEN
22,org.apache.commons.csv.CSVRecord,106,0.000000,100.0,GREEN
22,org.apache.commons.csv.CSVParser,264,0.000000,100.0,GREEN
22,org.apache.commons.csv.CSVFormat,576,0.000000,100.0,GREEN
22,org.apache.commons.csv.CSVFormat,334,0.000000,100.0,GREEN
22,org.apache.commons.csv.CSVFormat,575,0.000000,100.0,GREEN
22,org.apache.commons.csv.CSVFormat,333,0.000000,100.0,GREEN
22,org.apache.commons.csv.CSVParser,265,0.000000,100.0,GREEN
22,org.apache.commons.csv.CSVParser,267,0.000000,100.0,GREEN
22,org.apache.commons.csv.CSVParser,149,0.000000,100.0,GREEN
22,org.apache.commons.csv.CSVFormat,339,0.000000,100.0,GREEN
22,org.apache.commons.csv.CSVRecord,75,0.000000,100.0,GREEN
22,org.apache.commons.csv.CSVParser,299,0.000000,100.0,GREEN
22,org.apache.commons.csv.ExtendedBufferedReader,118,0.000000,100.0,GREEN
22,org.apache.commons.csv.CSVRecord,64,0.000000,100.0,GREEN
22,org.apache.commons.csv.Lexer,163,0.000000,100.0,GREEN
22,org.apache.commons.csv.Lexer,285,0.000000,100.0,GREEN
22,org.apache.commons.csv.Lexer,281,0.000000,100.0,GREEN
22,org.apache.commons.csv.Lexer,160,0.000000,100.0,GREEN
22,org.apache.commons.csv.CSVParser$1,395,0.000000,100.0,GREEN
22,org.apache.commons.csv.CSVParser$1,394,0.000000,100.0,GREEN
22,org.apache.commons.csv.CSVParser$1,392,0.000000,100.0,GREEN
22,org.apache.commons.csv.ExtendedBufferedReader,121,0.000000,100.0,GREEN
22,org.apache.commons.csv.CSVParser$1,399,0.000000,100.0,GREEN
22,org.apache.commons.csv.Lexer,156,0.000000,100.0,GREEN
22,org.apache.commons.csv.ExtendedBufferedReader,120,0.000000,100.0,GREEN
22,org.apache.commons.csv.Lexer,279,0.000000,100.0,GREEN
22,org.apache.commons.csv.CSVParser$1,397,0.000000,100.0,GREEN
22,org.apache.commons.csv.ExtendedBufferedReader,122,0.000000,100.0,GREEN
22,org.apache.commons.csv.CSVParser,288,0.000000,100.0,GREEN
22,org.apache.commons.csv.ExtendedBufferedReader,124,0.000000,100.0,GREEN
22,org.apache.commons.csv.ExtendedBufferedReader,127,0.000000,100.0,GREEN
22,org.apache.commons.csv.CSVRecord,96,0.000000,100.0,GREEN
22,org.apache.commons.csv.CSVRecord,97,0.000000,100.0,GREEN
22,org.apache.commons.csv.CSVRecord,98,0.000000,100.0,GREEN
22,org.apache.commons.csv.CSVRecord,99,0.000000,100.0,GREEN
22,org.apache.commons.csv.CSVRecord,92,0.000000,100.0,GREEN
22,org.apache.commons.csv.CSVRecord,93,0.000000,100.0,GREEN
22,org.apache.commons.csv.Lexer,152,0.000000,100.0,GREEN
22,org.apache.commons.csv.Lexer,274,0.000000,100.0,GREEN
22,org.apache.commons.csv.Lexer,396,0.000000,100.0,GREEN
22,org.apache.commons.csv.Lexer,155,0.000000,100.0,GREEN
22,org.apache.commons.csv.CSVParser$1,391,0.000000,100.0,GREEN
22,org.apache.commons.csv.Lexer,270,0.000000,100.0,GREEN
22,org.apache.commons.csv.Lexer,271,0.000000,100.0,GREEN
22,org.apache.commons.csv.Lexer,272,0.000000,100.0,GREEN
22,org.apache.commons.csv.Lexer,151,0.000000,100.0,GREEN
22,org.apache.commons.csv.CSVParser$1,384,0.000000,100.0,GREEN
22,org.apache.commons.csv.Lexer,149,0.000000,100.0,GREEN
22,org.apache.commons.csv.CSVParser$1,383,0.000000,100.0,GREEN
22,org.apache.commons.csv.CSVParser$1,381,0.000000,100.0,GREEN
22,org.apache.commons.csv.CSVParser,196,0.000000,100.0,GREEN
22,org.apache.commons.csv.Lexer,266,0.000000,100.0,GREEN
22,org.apache.commons.csv.Lexer,145,0.000000,100.0,GREEN
22,org.apache.commons.csv.Lexer,267,0.000000,100.0,GREEN
22,org.apache.commons.csv.CSVParser$1,387,0.000000,100.0,GREEN
22,org.apache.commons.csv.CSVParser,198,0.000000,100.0,GREEN
22,org.apache.commons.csv.Lexer,268,0.000000,100.0,GREEN
22,org.apache.commons.csv.Lexer,389,0.000000,100.0,GREEN
22,org.apache.commons.csv.CSVParser,197,0.000000,100.0,GREEN
22,org.apache.commons.csv.Lexer,269,0.000000,100.0,GREEN
22,org.apache.commons.csv.Lexer,148,0.000000,100.0,GREEN
22,org.apache.commons.csv.Lexer,262,0.000000,100.0,GREEN
22,org.apache.commons.csv.Lexer,263,0.000000,100.0,GREEN
22,org.apache.commons.csv.Lexer,142,0.000000,100.0,GREEN
22,org.apache.commons.csv.Lexer,264,0.000000,100.0,GREEN
22,org.apache.commons.csv.Lexer,265,0.000000,100.0,GREEN
22,org.apache.commons.csv.Lexer,144,0.000000,100.0,GREEN
22,org.apache.commons.csv.CSVParser$1,380,0.000000,100.0,GREEN
22,org.apache.commons.csv.Lexer,261,0.000000,100.0,GREEN
22,org.apache.commons.csv.CSVParser$1,373,0.000000,100.0,GREEN
22,org.apache.commons.csv.CSVParser$1,372,0.000000,100.0,GREEN
22,org.apache.commons.csv.ExtendedBufferedReader,141,0.000000,100.0,GREEN
22,org.apache.commons.csv.ExtendedBufferedReader,140,0.000000,100.0,GREEN
22,org.apache.commons.csv.Lexer,134,0.000000,100.0,GREEN
22,org.apache.commons.csv.ExtendedBufferedReader,142,0.000000,100.0,GREEN
22,org.apache.commons.csv.Lexer,256,0.000000,100.0,GREEN
22,org.apache.commons.csv.Lexer,135,0.000000,100.0,GREEN
22,org.apache.commons.csv.Lexer,257,0.000000,100.0,GREEN
22,org.apache.commons.csv.CSVParser$1,375,0.000000,100.0,GREEN
22,org.apache.commons.csv.Lexer,136,0.000000,100.0,GREEN
22,org.apache.commons.csv.ExtendedBufferedReader,144,0.000000,100.0,GREEN
22,org.apache.commons.csv.Lexer,379,0.000000,100.0,GREEN
22,org.apache.commons.csv.Lexer,137,0.000000,100.0,GREEN
22,org.apache.commons.csv.Lexer,251,0.000000,100.0,GREEN
22,org.apache.commons.csv.Lexer,372,0.000000,100.0,GREEN
22,org.apache.commons.csv.Lexer,253,0.000000,100.0,GREEN
22,org.apache.commons.csv.Lexer,132,0.000000,100.0,GREEN
22,org.apache.commons.csv.Lexer,254,0.000000,100.0,GREEN
22,org.apache.commons.csv.Lexer,248,0.000000,100.0,GREEN
22,org.apache.commons.csv.Lexer,127,0.000000,100.0,GREEN
22,org.apache.commons.csv.Lexer,249,0.000000,100.0,GREEN
22,org.apache.commons.csv.Lexer,128,0.000000,100.0,GREEN
22,org.apache.commons.csv.ExtendedBufferedReader,154,0.000000,100.0,GREEN
22,org.apache.commons.csv.Lexer,244,0.000000,100.0,GREEN
22,org.apache.commons.csv.Lexer,123,0.000000,100.0,GREEN
22,org.apache.commons.csv.Lexer,366,0.000000,100.0,GREEN
22,org.apache.commons.csv.Lexer,246,0.000000,100.0,GREEN
22,org.apache.commons.csv.Lexer,125,0.000000,100.0,GREEN
22,org.apache.commons.csv.ExtendedBufferedReader,155,0.000000,100.0,GREEN
22,org.apache.commons.csv.Lexer,247,0.000000,100.0,GREEN
22,org.apache.commons.csv.Lexer,368,0.000000,100.0,GREEN
22,org.apache.commons.csv.Lexer,126,0.000000,100.0,GREEN
22,org.apache.commons.csv.ExtendedBufferedReader,157,0.000000,100.0,GREEN
22,org.apache.commons.csv.CSVParser$1,367,0.000000,100.0,GREEN
22,org.apache.commons.csv.Lexer,241,0.000000,100.0,GREEN
22,org.apache.commons.csv.Lexer,120,0.000000,100.0,GREEN
22,org.apache.commons.csv.Lexer,121,0.000000,100.0,GREEN
22,org.apache.commons.csv.Lexer,364,0.000000,100.0,GREEN
22,org.apache.commons.csv.ExtendedBufferedReader,161,0.000000,100.0,GREEN
22,org.apache.commons.csv.Lexer,118,0.000000,100.0,GREEN
22,org.apache.commons.csv.Lexer,119,0.000000,100.0,GREEN
22,org.apache.commons.csv.Lexer,112,0.000000,100.0,GREEN
22,org.apache.commons.csv.Lexer,355,0.000000,100.0,GREEN
22,org.apache.commons.csv.Lexer,113,0.000000,100.0,GREEN
22,org.apache.commons.csv.Lexer,115,0.000000,100.0,GREEN
22,org.apache.commons.csv.Lexer,350,0.000000,100.0,GREEN
22,org.apache.commons.csv.Lexer,352,0.000000,100.0,GREEN
22,org.apache.commons.csv.CSVFormat,186,0.000000,100.0,GREEN
22,org.apache.commons.csv.Lexer,353,0.000000,100.0,GREEN
22,org.apache.commons.csv.Lexer,348,0.000000,100.0,GREEN
22,org.apache.commons.csv.Lexer,106,0.000000,100.0,GREEN
22,org.apache.commons.csv.ExtendedBufferedReader,174,0.000000,100.0,GREEN
22,org.apache.commons.csv.Lexer,349,0.000000,100.0,GREEN
22,org.apache.commons.csv.ExtendedBufferedReader,173,0.000000,100.0,GREEN
22,org.apache.commons.csv.ExtendedBufferedReader,176,0.000000,100.0,GREEN
22,org.apache.commons.csv.Lexer,343,0.000000,100.0,GREEN
22,org.apache.commons.csv.Lexer,101,0.000000,100.0,GREEN
22,org.apache.commons.csv.ExtendedBufferedReader,175,0.000000,100.0,GREEN
22,org.apache.commons.csv.Lexer,103,0.000000,100.0,GREEN
22,org.apache.commons.csv.Lexer,104,0.000000,100.0,GREEN
22,org.apache.commons.csv.Assertions,33,0.000000,100.0,GREEN
22,org.apache.commons.csv.CSVFormat,174,0.000000,100.0,GREEN
22,org.apache.commons.csv.Lexer,340,0.000000,100.0,GREEN
22,org.apache.commons.csv.CSVFormat,297,0.000000,100.0,GREEN
22,org.apache.commons.csv.Lexer,100,0.000000,100.0,GREEN
22,org.apache.commons.csv.CSVFormat,296,0.000000,100.0,GREEN
22,org.apache.commons.csv.Lexer,336,0.000000,100.0,GREEN
22,org.apache.commons.csv.Lexer,216,0.000000,100.0,GREEN
22,org.apache.commons.csv.Lexer,339,0.000000,100.0,GREEN
22,org.apache.commons.csv.Lexer,212,0.000000,100.0,GREEN
22,org.apache.commons.csv.CSVFormat,298,0.000000,100.0,GREEN
22,org.apache.commons.csv.Lexer,213,0.000000,100.0,GREEN
22,org.apache.commons.csv.Lexer,334,0.000000,100.0,GREEN
22,org.apache.commons.csv.CSVPrinter,189,0.000000,100.0,GREEN
22,org.apache.commons.csv.Lexer,85,0.000000,100.0,GREEN
22,org.apache.commons.csv.CSVFormat,842,0.000000,100.0,GREEN
22,org.apache.commons.csv.CSVFormat,600,0.000000,100.0,GREEN
22,org.apache.commons.csv.Lexer,205,0.000000,100.0,GREEN
22,org.apache.commons.csv.Lexer,326,0.000000,100.0,GREEN
22,org.apache.commons.csv.Lexer,206,0.000000,100.0,GREEN
22,org.apache.commons.csv.CSVFormat,602,0.000000,100.0,GREEN
22,org.apache.commons.csv.Lexer,207,0.000000,100.0,GREEN
22,org.apache.commons.csv.Lexer,328,0.000000,100.0,GREEN
22,org.apache.commons.csv.Lexer,200,0.000000,100.0,GREEN
22,org.apache.commons.csv.Lexer,201,0.000000,100.0,GREEN
22,org.apache.commons.csv.Lexer,322,0.000000,100.0,GREEN
22,org.apache.commons.csv.Lexer,88,0.000000,100.0,GREEN
22,org.apache.commons.csv.Lexer,203,0.000000,100.0,GREEN
22,org.apache.commons.csv.Lexer,324,0.000000,100.0,GREEN
22,org.apache.commons.csv.CSVPrinter,188,0.000000,100.0,GREEN
22,org.apache.commons.csv.CSVFormat,729,0.000000,100.0,GREEN
22,org.apache.commons.csv.CSVFormat,728,0.000000,100.0,GREEN
22,org.apache.commons.csv.CSVFormat,607,0.000000,100.0,GREEN
22,org.apache.commons.csv.Lexer,208,0.000000,100.0,GREEN
22,org.apache.commons.csv.CSVFormat,604,0.000000,100.0,GREEN
22,org.apache.commons.csv.CSVFormat,603,0.000000,100.0,GREEN
22,org.apache.commons.csv.CSVPrinter,182,0.000000,100.0,GREEN
22,org.apache.commons.csv.CSVPrinter,181,0.000000,100.0,GREEN
22,org.apache.commons.csv.CSVFormat,605,0.000000,100.0,GREEN
22,org.apache.commons.csv.Lexer,96,0.000000,100.0,GREEN
22,org.apache.commons.csv.Lexer,320,0.000000,100.0,GREEN
22,org.apache.commons.csv.Lexer,93,0.000000,100.0,GREEN
22,org.apache.commons.csv.CSVPrinter,190,0.000000,100.0,GREEN
22,org.apache.commons.csv.Lexer,317,0.000000,100.0,GREEN
22,org.apache.commons.csv.Lexer,99,0.000000,100.0,GREEN
22,org.apache.commons.csv.Lexer,97,0.000000,100.0,GREEN
22,org.apache.commons.csv.CSVPrinter,199,0.000000,100.0,GREEN
22,org.apache.commons.csv.CSVPrinter,197,0.000000,100.0,GREEN
22,org.apache.commons.csv.CSVPrinter,196,0.000000,100.0,GREEN
22,org.apache.commons.csv.CSVPrinter,195,0.000000,100.0,GREEN
22,org.apache.commons.csv.Lexer,318,0.000000,100.0,GREEN
22,org.apache.commons.csv.CSVPrinter,193,0.000000,100.0,GREEN
22,org.apache.commons.csv.CSVPrinter,192,0.000000,100.0,GREEN
22,org.apache.commons.csv.CSVFormat,715,0.000000,100.0,GREEN
22,org.apache.commons.csv.Lexer,430,0.000000,100.0,GREEN
22,org.apache.commons.csv.CSVFormat,701,0.000000,100.0,GREEN
22,org.apache.commons.csv.Token$Type,34,0.000000,100.0,GREEN
22,org.apache.commons.csv.Lexer,300,0.000000,100.0,GREEN
22,org.apache.commons.csv.Token$Type,36,0.000000,100.0,GREEN
22,org.apache.commons.csv.Token$Type,39,0.000000,100.0,GREEN
22,org.apache.commons.csv.CSVFormat,827,0.000000,100.0,GREEN
22,org.apache.commons.csv.CSVFormat,829,0.000000,100.0,GREEN
22,org.apache.commons.csv.Lexer,429,0.000000,100.0,GREEN
22,org.apache.commons.csv.CSVFormat,826,0.000000,100.0,GREEN
22,org.apache.commons.csv.Lexer,416,0.000000,100.0,GREEN
22,org.apache.commons.csv.Lexer,412,0.000000,100.0,GREEN
22,org.apache.commons.csv.CSVFormat,813,0.000000,100.0,GREEN
22,org.apache.commons.csv.CSVRecord,32,0.000000,100.0,GREEN
22,org.apache.commons.csv.CSVPrinter,149,0.000000,100.0,GREEN
22,org.apache.commons.csv.CSVPrinter,148,0.000000,100.0,GREEN
22,org.apache.commons.csv.CSVPrinter,268,0.000000,100.0,GREEN
22,org.apache.commons.csv.CSVPrinter,147,0.000000,100.0,GREEN
22,org.apache.commons.csv.CSVParser$1,409,0.000000,100.0,GREEN
22,org.apache.commons.csv.CSVPrinter,389,0.000000,100.0,GREEN
22,org.apache.commons.csv.CSVPrinter,146,0.000000,100.0,GREEN
22,org.apache.commons.csv.CSVPrinter,266,0.000000,100.0,GREEN
22,org.apache.commons.csv.CSVPrinter,145,0.000000,100.0,GREEN
22,org.apache.commons.csv.CSVPrinter,387,0.000000,100.0,GREEN
22,org.apache.commons.csv.Lexer,404,0.000000,100.0,GREEN
22,org.apache.commons.csv.Lexer,400,0.000000,100.0,GREEN
22,org.apache.commons.csv.CSVPrinter,265,0.000000,100.0,GREEN
22,org.apache.commons.csv.CSVPrinter,386,0.000000,100.0,GREEN
22,org.apache.commons.csv.CSVPrinter,143,0.000000,100.0,GREEN
22,org.apache.commons.csv.CSVParser$1,405,0.000000,100.0,GREEN
22,org.apache.commons.csv.CSVPrinter,385,0.000000,100.0,GREEN
22,org.apache.commons.csv.CSVPrinter,142,0.000000,100.0,GREEN
22,org.apache.commons.csv.CSVPrinter,384,0.000000,100.0,GREEN
22,org.apache.commons.csv.CSVPrinter,262,0.000000,100.0,GREEN
22,org.apache.commons.csv.CSVPrinter,383,0.000000,100.0,GREEN
22,org.apache.commons.csv.CSVPrinter,140,0.000000,100.0,GREEN
22,org.apache.commons.csv.CSVParser$1,400,0.000000,100.0,GREEN
22,org.apache.commons.csv.CSVParser$1,401,0.000000,100.0,GREEN
22,org.apache.commons.csv.Lexer,408,0.000000,100.0,GREEN
22,org.apache.commons.csv.CSVPrinter,159,0.000000,100.0,GREEN
22,org.apache.commons.csv.CSVPrinter,158,0.000000,100.0,GREEN
22,org.apache.commons.csv.CSVPrinter,157,0.000000,100.0,GREEN
22,org.apache.commons.csv.CSVPrinter,278,0.000000,100.0,GREEN
22,org.apache.commons.csv.CSVPrinter,156,0.000000,100.0,GREEN
22,org.apache.commons.csv.CSVPrinter,277,0.000000,100.0,GREEN
22,org.apache.commons.csv.Quote,24,0.000000,100.0,GREEN
22,org.apache.commons.csv.Quote,29,0.000000,100.0,GREEN
22,org.apache.commons.csv.Token$Type,42,0.000000,100.0,GREEN
22,org.apache.commons.csv.Token$Type,45,0.000000,100.0,GREEN
22,org.apache.commons.csv.Token$Type,48,0.000000,100.0,GREEN
22,org.apache.commons.csv.CSVPrinter,276,0.000000,100.0,GREEN
22,org.apache.commons.csv.CSVPrinter,275,0.000000,100.0,GREEN
22,org.apache.commons.csv.CSVPrinter,274,0.000000,100.0,GREEN
22,org.apache.commons.csv.CSVPrinter,152,0.000000,100.0,GREEN
22,org.apache.commons.csv.CSVPrinter,272,0.000000,100.0,GREEN
22,org.apache.commons.csv.CSVPrinter,151,0.000000,100.0,GREEN
22,org.apache.commons.csv.CSVPrinter,392,0.000000,100.0,GREEN
22,org.apache.commons.csv.CSVPrinter,391,0.000000,100.0,GREEN
22,org.apache.commons.csv.CSVRecord,52,0.000000,100.0,GREEN
22,org.apache.commons.csv.CSVRecord,53,0.000000,100.0,GREEN
22,org.apache.commons.csv.CSVRecord,54,0.000000,100.0,GREEN
22,org.apache.commons.csv.CSVRecord,50,0.000000,100.0,GREEN
22,org.apache.commons.csv.CSVPrinter,289,0.000000,100.0,GREEN
22,org.apache.commons.csv.CSVRecord,51,0.000000,100.0,GREEN
22,org.apache.commons.csv.CSVPrinter,166,0.000000,100.0,GREEN
22,org.apache.commons.csv.CSVPrinter,165,0.000000,100.0,GREEN
22,org.apache.commons.csv.CSVPrinter,285,0.000000,100.0,GREEN
22,org.apache.commons.csv.CSVPrinter,284,0.000000,100.0,GREEN
22,org.apache.commons.csv.CSVPrinter,283,0.000000,100.0,GREEN
22,org.apache.commons.csv.CSVPrinter,161,0.000000,100.0,GREEN
22,org.apache.commons.csv.CSVPrinter,280,0.000000,100.0,GREEN
22,org.apache.commons.csv.CSVPrinter,179,0.000000,100.0,GREEN
22,org.apache.commons.csv.CSVPrinter,299,0.000000,100.0,GREEN
22,org.apache.commons.csv.CSVRecord,49,0.000000,100.0,GREEN
22,org.apache.commons.csv.CSVPrinter,290,0.000000,100.0,GREEN
22,org.apache.commons.csv.ExtendedBufferedReader,100,0.000000,100.0,GREEN
22,org.apache.commons.csv.CSVPrinter,177,0.000000,100.0,GREEN
22,org.apache.commons.csv.ExtendedBufferedReader,103,0.000000,100.0,GREEN
22,org.apache.commons.csv.CSVPrinter,298,0.000000,100.0,GREEN
22,org.apache.commons.csv.CSVPrinter,176,0.000000,100.0,GREEN
22,org.apache.commons.csv.CSVPrinter,175,0.000000,100.0,GREEN
22,org.apache.commons.csv.CSVPrinter,296,0.000000,100.0,GREEN
22,org.apache.commons.csv.CSVPrinter,173,0.000000,100.0,GREEN
22,org.apache.commons.csv.CSVPrinter,171,0.000000,100.0,GREEN
22,org.apache.commons.csv.CSVPrinter,170,0.000000,100.0,GREEN
